{"cameraMode":{"drawMode":0,"name":"Shaded","section":"Shading Mode"},"sceneLighting":false,"audioPlay":false,"sceneViewState":{"showFog":false,"showMaterialUpdate":false,"showSkybox":false,"showFlares":false,"showImageEffects":false,"showParticleSystems":false},"in2DMode":false,"pivot":{"x":39.49578857421875,"y":31.85449981689453,"z":220.11196899414063},"rotation":{"x":-0.11406523734331131,"y":0.008059765212237835,"z":-0.0008547722245566547,"w":-0.9935149550437927},"size":9.042488098144532,"orthographic":false}