{"cameraMode":{"drawMode":0,"name":"Shaded","section":"Shading Mode"},"sceneLighting":false,"audioPlay":false,"sceneViewState":{"showFog":false,"showMaterialUpdate":false,"showSkybox":false,"showFlares":false,"showImageEffects":false,"showParticleSystems":false},"in2DMode":false,"pivot":{"x":35.407806396484378,"y":31.22307777404785,"z":219.39849853515626},"rotation":{"x":-0.13088569045066834,"y":0.1251811385154724,"z":-0.016589755192399026,"w":-0.9833983182907105},"size":9.042488098144532,"orthographic":false}