{"cameraMode":{"drawMode":0,"name":"Shaded","section":"Shading Mode"},"sceneLighting":false,"audioPlay":false,"sceneViewState":{"showFog":false,"showMaterialUpdate":false,"showSkybox":false,"showFlares":false,"showImageEffects":false,"showParticleSystems":false},"in2DMode":false,"pivot":{"x":-14.927327156066895,"y":-38.68414306640625,"z":4.954904556274414},"rotation":{"x":0.3213607966899872,"y":-0.4728570580482483,"z":0.190409854054451,"w":0.7980692386627197},"size":53.64995193481445,"orthographic":false}