{"cameraMode":{"drawMode":0,"name":"Shaded","section":"Shading Mode"},"sceneLighting":false,"audioPlay":false,"sceneViewState":{"showFog":false,"showMaterialUpdate":false,"showSkybox":false,"showFlares":false,"showImageEffects":false,"showParticleSystems":false},"in2DMode":false,"pivot":{"x":10.41978645324707,"y":-68.8835678100586,"z":171.32667541503907},"rotation":{"x":-0.16603142023086549,"y":-0.012703422456979752,"z":0.002227941295132041,"w":-0.9861025810241699},"size":207.837890625,"orthographic":false}