{"cameraMode":{"drawMode":0,"name":"Shaded","section":"Shading Mode"},"sceneLighting":false,"audioPlay":false,"sceneViewState":{"showFog":false,"showMaterialUpdate":false,"showSkybox":false,"showFlares":false,"showImageEffects":false,"showParticleSystems":false},"in2DMode":false,"pivot":{"x":73.41460418701172,"y":-68.3785171508789,"z":185.59056091308595},"rotation":{"x":-0.21901947259902955,"y":-0.25920164585113528,"z":0.06050391122698784,"w":-0.9387955665588379},"size":87.49685668945313,"orthographic":false}