{"cameraMode":{"drawMode":0,"name":"Shaded","section":"Shading Mode"},"sceneLighting":false,"audioPlay":false,"sceneViewState":{"showFog":false,"showMaterialUpdate":false,"showSkybox":false,"showFlares":false,"showImageEffects":false,"showParticleSystems":false},"in2DMode":false,"pivot":{"x":21.735422134399415,"y":14.241552352905274,"z":69.66439056396485},"rotation":{"x":0.0006482283934019506,"y":-0.8961228132247925,"z":0.0013645199360325933,"w":0.44387489557266238},"size":9.383018493652344,"orthographic":false}