{"cameraMode":{"drawMode":0,"name":"Shaded","section":"Shading Mode"},"sceneLighting":false,"audioPlay":false,"sceneViewState":{"showFog":false,"showMaterialUpdate":false,"showSkybox":false,"showFlares":false,"showImageEffects":false,"showParticleSystems":false},"in2DMode":false,"pivot":{"x":-56.279685974121097,"y":-190.47500610351563,"z":328.2942199707031},"rotation":{"x":-0.2811034917831421,"y":0.0896812379360199,"z":-0.026359865441918374,"w":-0.9551915526390076},"size":184.87698364257813,"orthographic":false}