{"cameraMode":{"drawMode":0,"name":"Shaded","section":"Shading Mode"},"sceneLighting":false,"audioPlay":false,"sceneViewState":{"showFog":false,"showMaterialUpdate":false,"showSkybox":false,"showFlares":false,"showImageEffects":false,"showParticleSystems":false},"in2DMode":false,"pivot":{"x":13.182578086853028,"y":-54.448081970214847,"z":212.69189453125},"rotation":{"x":-0.1842944622039795,"y":-0.061282090842723849,"z":0.01154475100338459,"w":-0.9809684753417969},"size":87.49685668945313,"orthographic":false}