{"cameraMode":{"drawMode":0,"name":"Shaded","section":"Shading Mode"},"sceneLighting":false,"audioPlay":false,"sceneViewState":{"showFog":false,"showMaterialUpdate":false,"showSkybox":false,"showFlares":false,"showImageEffects":false,"showParticleSystems":false},"in2DMode":false,"pivot":{"x":0.004250764846801758,"y":-0.32748496532440188,"z":0.30222493410110476},"rotation":{"x":0.22004269063472749,"y":-0.46444109082221987,"z":0.12036287784576416,"w":0.8493777513504028},"size":0.5847008228302002,"orthographic":false}