{"cameraMode":{"drawMode":0,"name":"Shaded","section":"Shading Mode"},"sceneLighting":false,"audioPlay":false,"sceneViewState":{"showFog":false,"showMaterialUpdate":false,"showSkybox":false,"showFlares":false,"showImageEffects":false,"showParticleSystems":false},"in2DMode":false,"pivot":{"x":34.53977584838867,"y":20.22676658630371,"z":-0.8575809001922607},"rotation":{"x":0.09397875517606735,"y":-0.4131946563720703,"z":0.04295122250914574,"w":0.9047913551330566},"size":2.6949074268341066,"orthographic":false}