{"cameraMode":{"drawMode":0,"name":"Shaded","section":"Shading Mode"},"sceneLighting":true,"audioPlay":false,"sceneViewState":{"showFog":false,"showMaterialUpdate":false,"showSkybox":false,"showFlares":false,"showImageEffects":false,"showParticleSystems":false},"in2DMode":false,"pivot":{"x":2.499723434448242,"y":3.3117589950561525,"z":35.41859436035156},"rotation":{"x":-0.14872446656227113,"y":0.3942647874355316,"z":-0.06471700966358185,"w":-0.9046102166175842},"size":14.860950469970704,"orthographic":false}