{"cameraMode":{"drawMode":0,"name":"Shaded","section":"Shading Mode"},"sceneLighting":false,"audioPlay":false,"sceneViewState":{"showFog":false,"showMaterialUpdate":false,"showSkybox":false,"showFlares":false,"showImageEffects":false,"showParticleSystems":false},"in2DMode":false,"pivot":{"x":13.147339820861817,"y":8.16211223602295,"z":-6.874052047729492},"rotation":{"x":0.16453678905963899,"y":-0.3946564495563507,"z":0.07204893976449967,"w":0.9011135697364807},"size":0.7605599761009216,"orthographic":false}